cluster,age,tenure,monthly_spending,num_products
0,0.4749183006535948,0.7484375,0.42638836386382156,0.17638888888888887
1,0.4882034114458792,0.24288617886178862,0.45981727255184907,0.8373983739837398
2,0.5371848739495798,0.7517857142857143,0.5763965625686112,0.8035714285714286
3,0.5222892575833752,0.2686965811965812,0.5792170448830942,0.14245014245014243
