,age,age,age,tenure,tenure,tenure,monthly_spending,monthly_spending,monthly_spending,num_products,num_products,num_products
,mean,median,std,mean,median,std,mean,median,std,mean,median,std
cluster,,,,,,,,,,,,
0,0.4749183006535948,0.5098039215686275,0.30581465051501183,0.7484375,0.75,0.20050969636608618,0.42638836386382156,0.4243085562628356,0.26394997080375254,0.17638888888888887,0.3333333333333333,0.16673057816901868
1,0.4882034114458792,0.47058823529411764,0.30466729909711,0.24288617886178862,0.25,0.17554638683449286,0.45981727255184907,0.45247654384958924,0.2849411672165998,0.8373983739837398,1.0,0.16695677422593647
2,0.5371848739495798,0.5686274509803921,0.27402997236392196,0.7517857142857143,0.75,0.1893121594140137,0.5763965625686112,0.6056758878639363,0.29104232773110067,0.8035714285714286,0.6666666666666667,0.20908084021989154
3,0.5222892575833752,0.5294117647058824,0.2770232843656435,0.2686965811965812,0.25,0.1830690605549382,0.5792170448830942,0.6515134303708908,0.27810722692365425,0.14245014245014243,0.0,0.1652514410011606
